{
  "mysql":{
    "port" : "12889"
  },
  "skip_scripts":[
    "_search_server2.js"
  ],
  "skip_scripts_why":"lets you ignore script",
  "bitcoinAPI":{
    "test_mode":false,
    "test_mode_overrides":{
      "check_payment_time":"3000",
      "_test_run_real_payment_test":true,
      "test_run_payment_test":true,
      "renewal_price":0.1
    },
    "test_mode_overrides_why":"simplify testing scenarios. defualt json ",
    "_check_payment_time":"3000",
    "_test_run_real_payment_test":true,
    "test_run_payment_test":true,
    "renewal_price":0.1
  }
}
