{
  "comment":"Do not check in, do not distribute to Q4 Contractors",
  "frontend": {
    "tracker_ip": "95.211.202.177",
    "welcome":"Here be Media",
    "site_title":""
  },
  "bitcoinAPI":{
    "address":"1GHGTSaYKCjB2y2mk6XnSbvorjhqwoN2sY",
    "output_address":"1GHGTSaYKCjB2y2mk6XnSbvorjhqwoN2sY",
    "use_electrum_client":false,
    "api_port":"8888",
    "html_port":"9031",
    "renewal_price":10,
    "renewal_length_days":"30",
    "paymentExpirationTimeout":"15",
    "blockchain_callback_url":"http://162.243.231.108:8889/blockchainPaymentCallback",
    "private_hash":"horror use either life million hedgehog tide cactus achieve monkey best stage",
    "blockchain_sharedkey":"8885b3c74241412e8dc9c5b40b994890",
    "wallet_WIF":"L4xE9pyQMiZJkTbgGD9xdw83wFANmDyJmmGm4WsKxbNU2g8guS2j",
    "hd_WIF":"L2U2ESJAqDXhD6fFzXLpY9bvuYCcGuRKBdd23arzBPZ4KBgA3j2C",
    "wallet_hexseed":"9C8C97CCA01B7C3E52BAE302706A7564064BD2047BF20FA74E2D5C0FA9AE926A",
    "check_payment_time":"30000",
    "send_to_address":"1GHGTSaYKCjB2y2mk6XnSbvorjhqwoN2sY",
    "send_to_address":"12cqPWG9FSJdYf4mUpVDapzeQH9kE8sJGk",
    "test_run_real_payment_test":"false"
  },
  "global":{
    "dir_login_consumer_sessions":"XhomeX/ritv/sessions_login_consumer_api",
    "title":"VeeVee.io - TeVee Dekho",
    "feedback_email":"yyy@hotmail.com"
  },
  "email":{
    "xservice":"mailbox.org",
    "username":"rmanager@mailbox.org",
    "password":"Runningman6",
    "port":"587",
    "host":"mail.p`````rivat~~~eem````ail.com",
    "username":"su~~ppo~rt@s`u`pp~~0rt.x~~yz",
    "password":"qwer1234",
    "send_emails_after_registration":true,
    "enable_forgot_password":true,
    "require_activation":true
  }

}
