{"file_hashes":[{"block_hashes":["wsOHdYkcpZlgTLSjsdsfm8SH6uoeelX/O2r8mM848Ok="],"block_size":4096,"path":"background.js"},{"block_hashes":["tL7+XEicW4q7DVwTHzzjT3Mu3xK9cfezXFyQ8Ws2w2A=","KvYZWwYvG71Jb32pA9RRPNMfjSBO85MUCIO03I0lJsY=","a9kcZ86doRYyITms9PWiW9Fg7kB/k0ydoBUCXCBtu4A=","xkrfNeGF8DpJybIoI/6u4aKnxf6sejATuhMkPXpW3N4="],"block_size":4096,"path":"columnresizer/plugin.js"},{"block_hashes":["/8y8YPvR/F8sVgM63YlrYm0DGiXSwY5jE6ivX+qMhHw=","HwPtT710qsmhkhNYKTL+XDwypE2FL/+3b27WsevLzkc="],"block_size":4096,"path":"columnresizer/plugin.min.js"},{"block_hashes":["riU9GLibd32cQXNwF8VZhp77gbdqzkehAgoC7fXxRWo="],"block_size":4096,"path":"commons.js"},{"block_hashes":["ZxX5hZq0w26WE9NJ2sV+yvBvz79vXUJplkSxN6vzpf0="],"block_size":4096,"path":"editor.css"},{"block_hashes":["BN0No6bsO/QHuFFe/Ozlrzf47/Aj+xgeDDCHRpMqCfM="],"block_size":4096,"path":"editor.html"},{"block_hashes":["kRsfYg8On9csT1zNNqhj1k8HDICKpv2s8E6ImmmUcXI=","4FqAu9oGyHb04hy34pEO+rhOdDF7MQMAYakjqL6vx6g=","KKmvIPPUdizOuAF5P+T16EU6F/34UP6WHKFJfOzoi2U=","2OWVFGmF8eas7USwarhMYoWwb4oFrfe2LmDtECQWI4k="],"block_size":4096,"path":"editor.js"},{"block_hashes":["nWZz/bGgaFv1mN3grNd2NulumhqQUajuphkE4WS6/+o="],"block_size":4096,"path":"img/cbox_chk.gif"},{"block_hashes":["RScdgVGiJsZNV9d43+z7fZezIZl+XxmU/BL4K5Jrq0c="],"block_size":4096,"path":"img/cbox_unchk.gif"},{"block_hashes":["JQ1+kUs7k3HGoanEMGEMHrSqGSfEA7T4QjDeJdETWcc="],"block_size":4096,"path":"img/icon-128.png"},{"block_hashes":["NOPLOT86WB3X8/IWrv7MyhgRnwFJmDUdKQSsHTFX0/0="],"block_size":4096,"path":"img/icon-19.png"},{"block_hashes":["numa5SpNuwxx8rKILjWlhjVZ438rL7B7yqFlWt9yn+A="],"block_size":4096,"path":"img/icon-48.png"},{"block_hashes":["vMNbCGnPoXlH4Nr7SAVHyLjEwRHPc/HatE5kIsLRe5c="],"block_size":4096,"path":"img/nocrop_chk.gif"},{"block_hashes":["9ZWAI5Ub1mG/tdWpZBeuocPmDPpqld7D7wUC3J4SQMQ="],"block_size":4096,"path":"img/nocrop_unchk.gif"},{"block_hashes":["yRpnkmsAdUcNyiuwaB8PEQw2ceaMN436410J9F2HduY=","qu/hSiekuAhSrKXLwCccG76OpvVhLKxoQxnC+uSKLVw=","jEzZE200dS+/xEkbe7FuN2bX/hCf3tSeRpPfe0wq6Fw=","Xbmg52oSOZ1Sd0Po3W+q/0Tt3vxQ/nBH+dB1VMrBvzs=","PwzqTXW0KWrHeua68Tq+KeCm1SU+5fDOMVCmhgK6uKw=","fGJI8UGRddNnRTEU4KnuVbqBC3HqeCRVXI9nnpvpbEc=","7JfvENrdmwP8gyaW6EyP7FiXwFFmm1DztIFLLOJokHU=","e7GoF8r8l6a5CcvPGcWiiUH562f1BeNrX1DvWn1apm4=","9CeVEqzR+Qwd5JC5NhTZrH8/++Nw0lPkYBElN84FRe0=","FjMPNrBg8VJuuJU1NcuWpU67qavRnyqOahZtCeo+1dk=","u+blLxyxwSdpXXhO2dhs1Suv0hz8JIcSse7CDGtyKXM=","RHd1bkufeMh+KCvo4BUERAgqm7499TE4jvxQBW4KtOU=","D4EiQOkhnuqZr6wWXuSmFwXM5BqYeTO8CtVVH7l+19w=","Z2Hj6rfKQu1Dk+qD8Jq7y8dL3dkTkTx2m2WPBRwMWLk=","aPL+oa/2mt5gaMMeULHDVqgbjTp79/Dci3cx03BczIY=","ZX7L/JdWoRM4Qh0+913CdTcLOh4AhWvIqq9M7gTtZmg=","s+NoVBOGzriiNRCKnfSCKqPtkKJ9q7VQuTF05qZfIpA=","AgSQSuc/mJmGw6yxD0GqwpvFvWaqSJEbOg6xQphBIro=","h9I3V7Yl8weTniReW0mqX1rZZJM7gSDEe6PupbH32Io=","R4rl8CanoXj0KXGMYqs1bzWTHtdsVmIleSuFeLW7fYM=","urc8kU7pFGegPppC8FHYZOeNDKY+eCvwU8wtBf2FOvA=","ozCGTERrCmw7cZgnX48s6fx1PRrtEXVDgVxW7W0NmFQ=","210WD/WwEPWUPS3dEbkXTnSJRGo3sf9FuA1nxwtcyYs=","LHhxyBGjoW6eYOoM7uJyD+ufLX7/Izm+lOG23+eX87E=","qLTA8YxJuXwS3L5jyB4Q8emUGNDfDPcA8ncUJBpNIoE=","wNBjTbCsGA1dd7YdeQmCxe1z/EgeZQ1s3AoNOSFfrcA=","cWrJKqkbDq6fLWZXKa2SaB4I/0Q7oe+Rx0HawyZDvSY=","nAl5plpcaPjRg52KM+6Yja8hJsr+/B6pkSi8IfekWHU=","TcIiaBjbx3IB6aQaZhCD3mZTbX8vYGW1Fnl70eG6ibM=","07qQN1nJL2ZbgbY1PbM0kFke/PpKXfelwTDTTrgCIuk=","Qav+Yie+t+PqqOz92xtlKEynwS+9E/vOJMHWUhkJ4XA=","RBdAptJyKd0xwJMzHDAdM4YahK8CFaBLaNihzBeFQt8=","8s7Q2hi6HQLwZcibTlfmiTa2Ngt0kpO+2n9SGibhY+I=","a340fnqMA0OdEauP47ved+i5upikChknOU7cTu20B6Y=","djp4dzqkJoBcPWt9A47yFjgXToV1rpeOvw7ISIr1Sjs=","Ind194iQnWo4UEHbKbuivhXP3BGuESEl5P5NQuYScN4=","eHggl2RXUiVfcSpWCHoMAplwBX+qJwHN0dp7rRsWkyA=","JKOl/tKMh0mzYgTx66mgEfT+5YiyFQGZpgsqYQ/HrjU=","r65sZR5gwJnkw9o+1Eko1jckoR0nEmbpapfnYBqVOMA=","IYh4flQCu0q1XXj8QlEAGskLclUrup7rWI9+Zd1+dUI=","Hme/9eixh2Y5dMRvUdXdscWVx4dGTAacwmCDGRXkGWo=","ESAcd7zUO3qo7FLr1bCC4z0ljTmF9sbY60RfQwLnCvA=","P96pb3VYBX9ytg+nQVcY9aLYt3BQHLAFm+wCqWPjNeE=","tjl6+AZFNBgdQ/JzNV8kJeTmr2HWwL8yCTxAGi3wWM4=","1JmJn8gLQmnT5OzytvIMQLE3fZvwQHeVvJXs5uJRnZ4=","MZ2P70PPwTnqvp9WIfBcPsaOOcUbCPqE3HFnQcQKAKY=","O1MKNj1QbHPxixjFpfG7UMcv4wJC+mm2m5pbXlofOzA=","8e+MlRvooRxvUnfcbOJ6xt4Nc6I+LJF3VdiOCC2sC7A=","JQvgO/pZZFReE/+R7yPTLKluDohh2I8wHtoZYX/47E4=","YVl2WyJk8rM5cEAt14KldqU4X2rGUOxa8BICWpNDlXQ=","WXdppKc6xUM3ndVu2ZiCAK+iYvT7rQR8aZAUKw8SH8Y=","77+TAo/D6H77EvdNcsL/KazrVQtjB5dVOa99qsJwcas=","4kzdUW/xiil4Z16QI3e6opdNr/zjiSZ0uoKegGID6TU=","ODS5OxU4MCz313EPyYCANKS90YZWztbmV3GPWHnRtTQ=","tOHK4ve6Fx5sNRP/+kLY1rNhHIki/DlKSDL1Jualik0=","fTF/MpGUcLeQPOf7OnJJiS4qz8xHXbL8E0ZVnZqpomY=","oDsFkNulyeVKkbrqi2VfthJkEsN7Rl9nMXEUxc3A+dU=","iQbU0GJdTEh3l1abUeh2+O/7p+k1WeMx0pd1NtUMdhg=","fqEQ/a+X2Gif+hLUHBdwnEad084DSAsE9KvTBXH9Ub8=","lFTeye04MKamYxM/V3JRLzN2XCf7UzNUtr8DRZhTa3A=","8FwQize5UUEWq8ykmmyVdwndwXvHn2WJdQM3uhsuH5k=","3A27imis8siytwR5BCtr0OsNJ9QTSjdNkmAo11aJKk4=","FVq5tKH9RUjsnSapCq4L13tiuuFSiF+PpLo7beSgZZY=","JrBjJLSe8XUWcMPlxwr2zduekQGS2oeM5pQgYEQU0cw=","K3NfGQf6CGPkX1OsxPnZHG65DJeUNP4/HTWBvjNGjFA=","e65psLQTsLTJN7xdy2nt6WN8sJP/qE5CNl0rqmDopIs=","P2L3XAwC4n53CB7X4yunv4Tg3bIqw2zmvhcPGKwN54c=","92Vek8XVHFiUr+Znf/CaQOs6mRVj5Px9wUhd82ArX54=","/Y1i2cyjdmehKjcDKxNg5YVpA6krePntbhUsHMHXprk=","AbufEcDTA3MTWNKD7KAvl/h9dye/WziK/Cg29QR1y+U=","3mTQG/R8PBKeCgoiL0AMb/d1+P6xbeIwdpGvDolXwo4=","fy3evW6q8tjMhG8qaTJwVZUPGxQHdzzhYP4msJWPRo0=","blww2cjveDjsGi/mo7X5lrRo4E4q2WrcOrYigfPJ0C4=","wmsuwU/Yl1anx9Qez9+znR5wlCZfSlg/8DRL/AQ+p5g=","YzDk3MPSuFpXhcjvUp72aV/EAOcHpadpzQvJeaVMVCQ=","y6dDd2TQyhB2fkZ4P3n0HWeBDysWuXZck6RTeTAJOsQ=","eYdyCllV984zwG7GrDfggdNVzchmUYZiIz/DUXmKoPU=","xVGfwMzhs6WFIrTtqMFxt6dln3ksJ/n21YzBYFZXjus=","DtIfIW7iHXM3j1Vmt21OqqvP003rrU2dwwIN50c+0Xo=","aDqqfrFBz6zNHDdIR+BMBqQ/onvSzxzp78TK/p+dtJg=","DzqxJlk9wDlgFV/h7u2fVhQDhp43oMdg4RVcX3OEtNY=","DqAmONV6wFqtBNALVhyTTwpTEKKLBdSywQo+iJxeigY=","aPtsyOYUNp4jj2ZNRLTuWrhPJUt16QSYygg84lWSezg=","MfRv4nKVthId+lG/e/r/JtwfPWVRBMnMwMFxjZbA+HQ=","0T1re0eAoYU5vdhr5lh6VUUmGbHE0ral6AfbAkgaUb4=","Mg5Tb0TjnMYCMxVcx+FwkDlZDtBk+Aa7ZB4GgMnqunc=","+6nZ41Ud46L81qx9mBHKt4LggUCXgmiZ56Ch0NMSTcY=","1WRSaqQjJyjh0+LHzs9NJ/sCHkx3pTrqR0ijXkL5yeg=","Ot3mAKGg7BFmbxcSIlfKTS0z4KKGFBl+dR/gEfH/anU=","yvScldPyQT5zkuArqQI824ye435s2zpqpDXh1CADKMk=","mlhR6o3mwRGT6CshHTuzWbkQxzVZO74YKqa3RcesiYk=","AJE5oPCyVz7/SgpGB2qgiIdnjYzzPFFwNtCfBsZzAP0=","De6klLGd46I5SigXRgGJfOWG/C9z8xgMwmR46cD0B3U=","VmlbRYUsJxvMTeM3iPZTTdtn5W+hyYAl11s0LsWkGH4=","l+DFGLn6JnWUTA+7aTiQsKOkpURCQlvnj5Xleu+4ZQs=","yhXiXRYVVJorY54P9ogW5BL8w8HeoJ8WsEtS14IcsO0=","dKA2w3VUpvRFomNrJaMa7mr6OR9ufLqihncD9Pj8Wrg=","HtT60RdFGOkf8kQK6ANNiqKs2BReGnbjQJAFlJ9ipG0=","hlaGJDR8VSiDOer/Eg8oqdkKCDzKBzhl0WQ9CFitUXY=","VuWD9pwyDdPrSCXCH85tq9CTOivqFJCIHLpoOX7obAM=","ck+EfEP1Cen/SBdXEdS9oU3GzNar43rz33R8w8vNhcU=","KA7p29eC1ihNQSt/QOuzemKCZTdzNr2Ie0PZNP4bYWs=","GoX7RwZbBbk95iHilZsaCPwXXLpGPC2nm+iYt3iGZCU=","aM/nHrQnO2yYZF4seFWVWZclj4wrp8HJ9noxiwkW5o0=","qUZYSNLcFasfLerYu7fWBw2KT+F32vmTS81KUqZYupw=","73blTsUNJvVXHJ1YRzt2N2bHgz8MNA5nqWqFMVZ9yDU=","Uj2wRl78P8486z4QPPUUb/GwvorgI03Zn8re/X4EAa4=","SYI90AE5Lsx5iAnllSpUb3DuW0lyiFSweIe6VWBALdk=","GsD/zxhvCX46+owUJXoxkqksVFd2IZgBCQHt4E1I9hs=","0Hv/nNBKowMpdIi2uyZGQml1ZYA185r+3Pt01o7pwAA=","S5BgqF5iSFCzFVJlTqX43ii4nzuKGEJOhsxW08gysSc=","fkMI79S/XU8DiPR3l6yZ8F9sBkrppYnGWxUzMnr7JiU=","NaoOUOQy/zMSpHReqAr0U1FK1/9GiaDIGajwog4v4hI=","ITPJq5sLw9A50wGuU0P1Im4Z86HYOKUDesOy0bvbgCM=","4DQB+Zd2jsNffXjLw/HcsfbGUZNTkRllC9HLIWHIfUc=","VothpcfJuob8HzthovHRrQp1UDO3Orem4T3GfOavIL4=","TM/RRaxVARg2znhhj+P72RzCt1LlS8cNkU+dMbWDvjQ=","bkMOFlYAGIOIk1nTkGMTvctKJRCjVJJUA55O11Ctycs=","bD/6RzCKgigA5MNXJcObV9dOn809Qa+UwuqQg5zC3MU=","T5gaucf32S6Fo7P1GjcZJDf4PNf8KxKsvtgg6EjSp+Q=","U5cE2bo8F1okjEkISNYE4xg089uJAwY7OXn74H3lsNI=","6T6ZTF0/PCNv5W+OpKotm3fC1ahEuow26bE5O89uVEM=","fZWPHix1Q53G2fePgFpMUHzj9cr6O9znov/cEvmFTcQ=","Qoum+DHgS9otwbbMUeBaadD8taG/fY/bbGopqJBY+kk=","eF72ER8ZOSr3gYPfcnR78oFCefbJuN0ZOqV6dJjvRV8=","hlSBNvlW1H2QVeXtK/1NSqGu+8B+4PklPTnKBrMY+HQ=","BTp5Nf2gsC38xFEpW3hq80YQp6u+0+1gz4J2kTbUHt0=","mPqy26+0MvNLsv1XFq2oIRt7W8QDc9TenI5d40yDxUY=","lUfeOEVZH5hkNWIzdH91q+OX02HIusVBbOVDYW2Fu5I=","KQfBhJlaOOCqe3sEs5fd7+uD4010cSfoCeCudEdw2rM=","MohAmbb4rfVTdE4XnDppqEWcv3fbD2Oms/g/IGLV0cI=","ZtZjy3pTO9y5qwMWNeNjTNdNuZjcnd0/4EDKTZn8qHQ=","4jPuMWU8PdWPYDkIduCyT2HpX4guLuQ+735tFpayR/M=","SxaBF5vL1GmCnqpRPwrZEYddi/JFWf3jeWwrASEoDbg=","aNb8nOjvOwCGm8hZvN+AdeiQJMOCibC3acXG3xLEHOs=","zoyB4gz4uXMAJCDm8elDYzsdX+VqBCuGwapFhRGeae4=","jezxBfaAddrKEhF+AWMrwVzgtKpjJ7qdA49kUH4Atok="],"block_size":4096,"path":"libs/evernote-sdk-minified.js"},{"block_hashes":["Xv5v5cVttWn7YUMWK3h6aFq4xUy5dhfHMI1l6j4BNik=","EEilmD0+oD9wH39zUfCRbT4ICVnXHu0WAxagx+mUUaY=","hAMw0ZGQNucBNkzMwh5P54xmFc+N86mI/dfExOKP53s=","WAsXnFk9PJ9WB6KDZXFV6I7gTUj691SwGmVPykN8NcA="],"block_size":4096,"path":"libs/jquery.autocomplete.min.js"},{"block_hashes":["BUDzonBTvMTERBDAojq7XFxcxxPpFe0VTnl8Va1PehU=","sUGn84in6ELfgiwPnCFjKhspZNAyKenwRvgV5y0rpZY=","FO0GYJrewdfcfQHj/3Vb8OiFzTl/zR6Fw+YRybxHRuw=","tG63MQItmaosJe57Zlzpj7V+GwgItre1mm4bZulzwKI="],"block_size":4096,"path":"libs/jquery.dataTables.min.css"},{"block_hashes":["tl90jiT3x7luA9PAj+TJhNl5T0WC9LxGg5fiiG1I3ek=","4fGkhmnzgM94wOG66FwQxcoVuroilX/NPWFBNy8z1xQ=","qlu7dygmsUc1VKE5k2DQTy817t3oI1wri9MVwC/eVZw=","eJOANTgVENo601zIxXqdXf8nksnxRpO7hfohpiKMAMM=","QGgJ1052ZuP1cVgkbsUJ1xhy+rwAvQrokmOg67GgW+w=","vkchMddrz1jJw1H7+A7p5qHYWkFhkqlSu/HTo0o3IWE=","we65EBFdlrsMvVP9GNkJah5x4MYjCPHCzhA+l3/9SA4=","c9jwdIu0gBMuKQQhz0IN3slBUukULRV5kYgmKd6MJbA=","cHMj4Y/9OhAiCw8f+Ru4k+ZxWK1+ZO943/1q9eFeQYs=","6N4CmdaJz+hmkm1QWbNtvBXsePMj3/03EBwApz678/0=","R/6tNtM/Mm4cE7xuWLQQp54zgWZXq9cQ66DGiq1gvzE=","MEpNLQX/g3LqDD/Dz+qOsDLwPX78u+yyGnMg0vttiYM=","ygjYtQAkPQbT5ApBA3xhkhD4GoUXrmYIpbDyhGkoH2k=","LDNgac+A2I1ua1aa1dwiQE9bIljPOHQVTIDxS6k1mjs=","TU5zC1mGJBdsrCSjusRfSdqbBQlF0DSAmyU5Sz/mXS8=","9odaAuY2tOOvITrvxNnrAc6q51y5bK4qZP1yJQ6356I=","e8m3ZRWYgIMgSg+Uu4M0UFmR7mLtiVM+b/9wCvHIOZc=","gFH7+WT8is1CHFFm7aJYU2Gyn2APcCEUS6zOoy3qHNM=","4lUrna3cwNqPt1xoez1QaywoSpVQhf/tuhQo0AthJWo="],"block_size":4096,"path":"libs/jquery.dataTables.min.js"},{"block_hashes":["em+zUXKjPRmhczN3lA2xu9LbJumDMSBrFmyzV4N4uAs=","oZ3ksgogtZGt2V3Hx7b3Bx4BWIlR9evH3ZYhb/0KNyI=","OgzJRMAJD4enE+clnRm/qZNi6JsfX45K8kV9Nt4QCSY=","nyRR6Dp0VMqEn52mlpMBalh5YTH79ptVX4xF9hvuDdg=","nZVKTz5dDHVBzwyZQCGTwh+1iI9vrPPStn+ofQrmCJU=","sL525yJ0NdnYt6T4O3GLe7gH1OeUFa0CCuP847Bt4f8=","aioB1FUKrDOomjfVeZ+/O6PjnTOPSahUzg1kn9dhN2c=","/lhKYZ03li7IxIrq81ffA+is3b5UzNJko6JDHFcclM8=","6pgtIpcZ0Am+MLSTlXgV8KnZ8kdhn8OzMbgdgh/oYic=","aLmgUE2EmuegHR+9I8/U8+I4gE+U2DOY30rjdZWtVhU=","83PRXgXhykGmv8/BGbtN0PXewB18FgHoniPox2HNHPg=","E45xC08Na1mSM3zP+HYWp+Tg8S+DPA849uwUDTqs914=","qQzaxLVOilF6+vrJjK+4cAoJzAWcUHPziYJWIWFPD/Y=","/kTwTmzSltVjAyOB3dsuAW6/ZQjOdg9m4cP62dW5Gzg=","EUzLInHw0bnwwl/si2Bq+d1SmoM1lOiYR6qIHFgB2l4=","19+EdsUk0Nb3wQrkIS9n1c0pH9d9fDlmFQ8xQeCQwNI=","Vng52q043+NbrSLYdbwDGfR+EokcfHmKmPRHyYvfm0M=","5xptDaL3cBg7ea4cHXciA9K+IMOIw0enfnxS1MAgjEw=","qvUsFD10WCWkpg8SoZQ6bHxLmq+L3mytwb8kr2uSePQ=","2+7UBeS56SXyzckHf0yLtsOnhttKmKAhXiZ5Vuy2mFc=","jIkIzmoOgDt8h9lnr8N6EBY7HFLnzL8uxwCwXKxXCNI="],"block_size":4096,"path":"libs/jquery.min.js"},{"block_hashes":["T0HjQlqv7sOFFrUE3Ccvw/GwfwBZ8Iqt3jt1AHZ6Gk4=","taGecrEBlm0k6cpgPQUOlqXOAmMrVhOoGkLfC+yy55A="],"block_size":4096,"path":"libs/jquery.tagsinput.min.js"},{"block_hashes":["V4Mf117QB6pHhDsnjtcgmLln9/17+2WMIzCacOjDSwY="],"block_size":4096,"path":"libs/scowl/README.txt"},{"block_hashes":["pu+2sBuiec/ZT8V7+MbIt6EbjhB8zrAjoTggDYza4BU=","HK7/rFqgh1hEgurN9UjADJrvAOlGnVFsppYwNZn/x7A=","6aBtl1d7543tf0QvvTYpxZ0dhmfsJnXaxVsazXKTPVg=","bhClFlaKSnemFnkdRUfv6LTcD8U6V17WOtEi9aqMGEo=","EbLGEDXILhohWjrMiIUGFelYwOECqtB2z6Q/AExTWcw=","Bvw0Xf5E5AfQPzTO9ahSJYdYrmHu8pyFyNF81hUT4Oo=","U+DG/AaTJW1/V6xCe/+Zg2lVS1e2h450kukqpLS2kns=","+Po7YxJqeOhBSFURWkz7LDeA2NNe1lJp8SSTPosNwFo=","W078GcSaSOEFgYP7Ak4zVnlqU6jzo7j22g8YkPebFNU=","U7niAvonnujuZtFjb7lkL5rSzovJhSCJXi0ghWpvoBk=","E/HBzfS7LGPFy9GGltJTMf5TQdwaE/MGLAc+KRbHAsM=","1fqE4lrBniIjRG8s0Jj8N/VHvBfPzKsIvtm+07Y4hJ0=","txGgFNr4pRbTKy9rJaE/oBrRxs1DQaV9TvN8f+GNxns=","v8FzsVBTJsfFGy7gzQRz+6BgZBMCl+bHVmwJVyOgeo8=","O3qURPVVhU83wCPXnw6Mj+3P0fG/1Ddc5lH+q2zwVoA=","AM+k9K3Mc6K1moB1AGdVR8hCldla3264Gw/LUnjYDEY=","gfTmFjRCzE06YPxPT8/oceM78ytI6E9BTqzvEISBFcQ=","Pn13v6ushy61VSaBB8DvE9AQQiK88V5C77Svy13wjc4=","GkSM9evfKicFeZQ2tZfvjla6ZkkoLsxvTcVU0CprG5o=","t+/aoRlV91jPPF9LGKGwrWjhu4Zi+ji0ca3o/qW7ewU=","kDSW7I0HDJ8bKwwTXsP/uweXj9YJjL7EAInU6mf2nho=","SXMfNsQoPGeEMkQmW/rhp/qS8bHwfJQWFDV9jbgwrw4=","eK9JCiOI+lqeItyLcAWXxtEBHRozRLZn6H5EWimuhk0=","Rtht9r4W0DivNMXc+SC5zDwN6WiXSib7sT6aTTjFg/o=","9nuTUhpkODYqxXe7XKx/w800PZvoCtm7ffUDkcoNRiA=","D7g5jp1mtlv/GOXTimTi55fJ13IdlqJeNIRdXW5tk4s=","f0r0RaxCArL6JKVMtB2DcdTD2z7jEbNMRi7ZDOQhlsU=","KLWQ40k+E12Anx1Cv4D5X2VW8iZWjkjkCpXqBNUPwW0=","khwOYFyKQcDnAm9Sor9WQY/87IVwd+rHDzi/yXnuufE=","M/+CQ63NTZEhfUpqy7CnY7AnSwcxKAX00o0hV6JruOI=","49t6kxfZ8EfxvysJOW3Y2VeKBqx/+T8Nz37wUY4nBfI=","9GP5EV1/2gqtWcBEr88z+nxwqfi71NLBSINDG5iBKnI=","XkfRO/VdkUgWkAk4EeZR9BJqpFf2kmdYCxv56P8Fifw=","0kBPY3bEwGGt0cIqaskYB/cf3v/MADkMNV334ZeplT8=","4tdKLC00Bd9h7cowQbqGxs8eQ/1JA/1UZCFAInoNLco=","Cfwe4YLJXbKzU1Q/ZMw1jkurrTdt1yF8xKybP+5j6pE=","aVmawI3s1/f/vgjDmv++JbQZ1zsGhGPGCKoPIzYUCXg=","Fxje4OgR+moECxlDHSjWMiNU6Hgqdi/EBhLHk1XNX1c=","HPBdTMUc0pGHFVWZIxcHyVbEjfjnNQgsVG6s0/NqQDg=","js3iuPs/hvO4b6JkYqRp2SD+4Yjbir+h78aOcuLT6x4=","YNqxtmFues005K/KzODNxiupqzeV8/CGmwheykCx0is=","Dp+2IoMvzL5KBEDtiiLTvtsBQ5DnbIyHgbxzbJfG364=","9zABIJEuhDUjt1SEMEbB7yh8TX3Le9pmQqtKiYyl20o=","A3eNo3h0Zubtgt6FrU1MKJtXJWIxNVO9asdnGV6DMMg=","RYmH+jHeU7bXtGJdTg+KoRuNnbkifO3IJGpX+VADA18=","eevk0QIFXsc0w9hzgb/JFxPU3/KQF0utQdRGBGzwldU=","Vwy8FLrm5Tq++2jmsNZOeMRUmw37/U3eONUGdJawQNY=","+1DdfQhGLdJ9rumSjVCzeyjj0A17O376cWkdp2dBA/c=","Z13OF+LavoPkyjvAkttdEIyjAdKqvDZbPbsklgkEy8g=","K3XaEY9kaUX7FJnJKIuuIMbSmmeSqYXJvXpZByCa3rY=","yAZN2ns33K7+VbQfYGEQU3bK6iWSC2WJqwiZucvrBbE=","RVxTBkDaVYmzHSZqItVJu4vpgN9jIjn5I1EbeK08APg=","3Qg8IyTRXz4Myw/Qbhr8lygLtiF/AUfX2RXHjNoFSK0=","6mms6JfoTYRjcYwNLAlyVORsIXzeKb0RxJH6V2J4XJc=","UjA2ch9hP/sOU3Z5Mo3g8EFh54DCWRh6eiKgvJ6JABM=","koRJTSloBSqIqRxELhT6ryo9HehcpBX6yDL79/ppYWI=","LUBGMsN47hEK3VLwPbpcltyldjAHavzB7FmLYim5Cbk=","47m+79VM4QXamQ4dSmU0TUkYzjlB4piWTnyvLGKbFSA=","SAiddjTWEl8OrkTI2jl5PsY8S7YYA+zVrlCCkRxgH2c=","UvMO/aPj6yOJ0t8+iEsqV589CGvDVniHkFLc/xtcTAw=","AbWzSUXJpKPnIXTRkhpduviOXhIkYoaHfugBjOZJ/P0=","UQAcekIeCeueI+bDkPBt8D0RYaLvZBOlhoYF1ly8Zjc=","xy+K1sNvkwTnoj2yLSakEjFatP1ZGTcvO8tp7YkMDeI=","tH2FqBXX4/ro6dbFoDhLJNiSwV0jO6b2qoAwKNbfwkE=","Vir8SZp+hIhcdRlK2bl33gRI5QmXsHrJMcMY52TNJ9w=","BUprabNc9ZrKSF2Z4PxJH535NKxyH4LIjGfUFoqGbfg=","SYuK3+5rnHv7xxmExCH87fgwfOvem51tsmlQOTVpebo=","Gqk+A7r1vIacQUEhKXdCpNjFJNlSqajPD3AgiV8DjoU=","LSPgDvgUqYbJ9mVbDghfQleG+jx5pqHUdvdFVC+BOGw=","jE2Gf5KfY/8+b78SeqtDN3jc4nkCzdjwGEApw0Q7EME=","4PMqWSVz/xAP8JVeVnNHKP3RixZOAqDCIEVJdYjJ8QU=","/oqqQtbMjCC/oaqGsVNW16LtJRUQsiKg/gGDvPfDmX4=","B4yxnXmjHT3sx7iuwfS0vGLPE+ErdA2IFP+/eN3DVnk=","8EeKVtVLoQ2BWwUG5L4OnKm7MhGz6hcht3Lq+LaswTY=","LiaGXpmwvwAenQxvWBO6+WsO+OoUGYCm/PTFu+BqYag=","IbrVKfbO9u7uypE21u0sgYZNRu7PJNzAl3KwKYnw/qs=","EEOX1ybDlm8hSz2/qQi5fBHDIxUxZTPzHnUwdy3rnn8=","kdFKjoKghXBMCBH8z41Bqx+D4P5Nze4557iMnYc/BFs=","A/sh5KwMSomCuF06MHi7RaFvz1lEHE0H31Ev7zHAUIE=","u2CMhoSlIzmirE8ybl6WyrvcIXx78BcpiBDgQ/b8aBs=","Wup/Y0v4MlxQA0/D6h5QC0qLT3vuBmXqn4A/DD8v1Cc=","a+22ONW2zuRE7vYkmE5CFY5OAHjEkMSRQym3qe9in6k=","bBaRYRsiSCan3757q5Rm02NHtZnK1+MCQcqhIFHS9xc=","jJmCVb/LrZRtLWGpbmPh0pXp74Eaovg8N4sMr8msoac=","UduRHsacyFS8hjPIAYvTcMso88B2lxOg5h8i6c4ppgE=","88GS+sftPg9TdRVmJiNnmCpGFY0cbxHX9yCrrHFaT1E=","zettB4pzLlHj37+PQ8sO8lW07fqg68A81gRNhC+2JE8=","1+FaUKw6B9876EwVqsCqnbGIN+3iGFyPpODoKVbuH70=","acJau1QzrvJkSJ5MCex19QrYWCtnMIOq7JqXz3Yi/IA=","0rgTacKy82NyUkxu7+t9O3Mr15l7oX2nmN8VXWSznqk=","Z8xIfxYleK+NxGTQHcPwUSIgHjC3I3ikkPAhdldjLPM=","z7lewGAI5qLZrd43VA1Jd9iJrMXydMeaVUsDVwUw0rI=","q3wF0C5gp+2wqwnCCJyLfoKkYRBp2nHrGriQq+Nl9GY=","0kki6CWLIuk79lTGp3A+48SlGgOc97vTLZjyGFWHdFk=","aGUemsRT84xpbVf5d0fMzvKL4GS9P1ne97wdk4YI1l0=","PiS/2axnDlwFWRi/yZTItWfCkeTdf4tNDYMaAED3DI4=","Et3kcmpes0mx/3ETniuOhjt81xwENa/AsvU/WXNc78k=","T4LYvAbobP/CJwJDdnpw3rlOu/sZs1BJkLzFhu/m1RE=","faOKt7A8ZvP0gMy2z1C7C1DB/nVKx56W96qs+CelTsM=","rLXD4CLBf3sU8BCreTM83Sy/bsfAbfZQHTnJYN/bcfg=","RVykbRIJD0RAvWF7foPntyomqTBBClvEmrZfSm+fA7k=","Rlf9wcfmPcEU2OlM5Qs7WvTyAXpfEBuAfIz4Bhb0fjg=","iOy7cwJpEZKnMd5OXwTmRo6aqJI/7OTbsjTTayPlZyk=","6r46CnYIfeF4LdRH8v7dnnQ/a4X0y5D9HE++L5MXYIg=","ZSOEhI1gDrvj7ucdPfxd8xWS1m7YfIqqmx6d/1c8iOc=","1waojQ/iuaZwfw63pGklKgg5MQvjrOkvIgnpGKEhzBg=","0yD9EulsLkqxmWYGSVnOi7HPpUlMxj1DLWbb9fMURKQ=","CsWcrYu41GZe7iZQNu5xGeslQP6nmBD4eZVqtv6y1t8=","qtYHUxEv0V39XnLryfktuSj9VHn6jqWkQ5KyHdvXuCM=","EktiXzoCbd4xDZxy1Vn20LUUlnTp6A5LIbNgCKJL3t0=","pYhVvL+bnS8cbxjodU7HTFDs5sA9kwi30wqFgb2620g=","rNYQlpgmpJpDcAWRQRL4iADVoS6yENw9WqWUe8Dq1ks=","8Fm0wM8br1Xb6CRZ0dMkk9da8oFFsZNQ01V1/AR3fHo=","J4J4rwnUs2w1Nsn41q599Mj+zL/BPcAZr3+MpvHKb58=","7tjz2WF5LzlXXa9hT1ipZLF5e3fRXgfptIHiRaQRc5M=","6x8xHGi6iXCNldxyBo1Jw0pyq2HX/lLen+fhHC+uGm0=","oWGFgr2mqxXS0P2/MozcVL2yRFWhPE+eVCPDarKFAyU=","Z1ngmZYYBkZSigCeBAvXwu5nENDlMveGpadcBdKZx0w=","SG9HCSr3z3X7gXYyMWGNqIYEYouKvnheTTcrAM60ckc=","WN6gr87ZjhNVdCVfi80G/yfkmeBQlkJD2yYlFaA2p84=","Pnwr0n2AAcjAoVX4x1qXbFRnqokMkRJsYItMEW8G5fE=","QaHwnnIPiHf1yhK6esbBaleHIwTmXJLydYwFC8ZEyOQ=","7mk3cH4Zngii5KlceZbvQOw0tzlRK51UUDrsIcd4uk4=","Dv7QqQsBM8GO1VtAjg6LT1dqvxcPgtAAthLqCpNWdb8=","0zTj42HJ+LuzonmRQyZtwfT5YzBwjKenwv4lFCI6Cpo=","fhS9AvvSgYLco37sfxOSSmBU7PeT4FdV55VQ4YdTNNY=","xHRKZnn8svqjTEjFbYTxqkBeQPSwyjFU+s/F9J0dv/0=","m0vwPM7hMtKh6LBV4x9f8z5vNBxWELbA5kaRqzw3cPk=","gomeGNenLJ8usWrwji+iE4KUTZoSpIAF/RutjK5h2Y0=","P/gwm0hXG6gSaDg/DKZuHNLxulzfwSWRXf0X55fAXmU=","7bY18xFM/C/7IrMG7YD1ycHBJpYRi/W4dNKicF8RPOw=","Vr8cU7/DYNN/DsSSDPZYXRAqS26DCrmq7+qY0z63Hx0=","9g/Wg5N/I3O4+Gt0aV/QlHABUlgCqLIccRLGbFDYAIY=","eIOMHSHWVDayh+iRg2XY3Y/wBl1il3MsHJL/xP2GaNM=","bD+rfTgZ8FwrrPb0djMhSujEcw7H3s6zSoQdEBeBtgo=","hCtJ00RrhJEaoOJZHJXSlQ2+IZppVECWCs0di8dhBww=","hpfaKkVne/KDzDY4hfDfgawN7cvDKnZE1jsA7fssW+0=","2XPz9NDvzzoHs9iNjwYnHiAUvrfOc/jCfz71jDDnGxQ=","E2cxTI+6RfHUfq5scA8TcmoQYI48bmWKV3wdM2ibcOg=","dRykjO98fUBPxajbqYLbgyFAv2bkoheC/8kJbDdS6No=","Cyuy71v3y0Mul0f3MqZJMZsaGQmhS0wbov7LQindAPg=","v7fAlJvt8zLghN0089pjSQ+5JxrVfouOy3TZSRWN8To=","EL2K7jeMLRe0f0Df20XXP6pUYey9Ewe4/DUk4J4NZZY=","qzOKnwvOmUlfP9G4qwAu8MvMNiOSc7+03mXfagWph7k=","vLoJKRpB9y0D2US66xyL+HBkSBV1lzwsddnKlXAEPjY=","kJb3XrofikvtFdWtQcnoz69SABPYYYLIQ10/W8YT2kU=","IZCtC9VFqQS9uFvP/Cjw/jyPlSSBQSGb3GXKZeWZWSY=","dr7kOU4ie5n2LAY5ehDjOPlwsuwgjGKpokIRz8YYAIc=","obMqVfOEi/hH7wNXmN7FJnAWC9ciuPV8OyNPZSdT6mY=","LpNRhWeOaUv6MfcvZmZ6pN0F6LuNisCbXzCsvH/t5as=","Hq782PWTkTXAKc9Xc4Huov+g1M3R+bP/14y+6+tiQrM=","ebyGOKEfcix2z0nQs2cR3XVLgI3McIBu9lFAt8GT+ME=","5TY3cGfockw4EeWMWyu81nfP0VgJlUSdmjO1ECPk0ks=","GvRNHtb8mCNpbhyn7NkZlbjTdnQ3uDTbMLtBLgsaU7U=","aP9pCLZeZJs1JWcoh0tdyGzl5vX5/92ggjNsoxlALxA=","o9S4wfWcescbLwlAeGn89OggEg0jaUcydkIPo2C/7sk=","B5PHk1LJDfJB2TMXKiv+mRXcf7hFCVP+qjhvtWV1pjQ=","EekSO68Dr5OQQJbW3U3031cGPmM6i8dbqH0kRVjDw+A=","DHwMrZXGNpsSJeUY+o0ZvNAtuk4uH+Cg8kOU5egYpQ0=","m9YanuTdJtBC4Bxp+SILuhLIWKMjG8mkgLR8ASMvcjk=","DKJZorF0rVs9k7IisPmxZj82t7nDvsMUS4aVVNhGLhg=","j74Li/zj6ixU0a1tmOJwMm6CTDs3K7R0ShN0UfAbv5o=","IiI9vPAOLHthhhAYNph+aQeq/eQlaIH5cjeS5vP6RIc=","RStNv456C9fIv1/BoZ69hBG09yUrLx9InRcTISus10Y=","LR7iQq36DoDXnuCyIRIBY4pKr2rncOkwNnZRo5b7uwg=","dYYTABMPthHaWVNGR2Vu5ebVlelT0MfjDnmCFf0FAuY=","jfDPC0yp7psRdgHuqGCo3p8soOfTmq0kmrfMoxB+2r0=","gnWrv+jJpqsPNYicvtFpc8LOmCP1BYBM6UtSgGqs1Us=","fGDJ5PB6d47sM9kQUO34p4xgy202EsWHjOOop4YkMJ0=","3I30ARHVZDQmezO3+zzXAVu69atGWm8hAeG6Yq4D+ws=","jUJR79X3UC+4JHfm7H6z55dR5us4+Js8bJ5GBskW6yM=","/E4fF7sqPRuvigJDeR0CydGhilZ8vYMiBjjmg5zoXVI=","QCkzKw6LuLgUAjJiJJXHCGptyjUv171Si0f2EXcZolc=","hI5arkVJQz4Bigd64jde5QyO0CdgBbsH5vSRuz85Ck0=","rzwsGfK13uSyC3PP7Ra7C8q8Ewjo6IyyjK8RIhA+aWY=","Z4voj0qpaHvgiUgRp2O3G4AYZWs5PrDEUS69agdM8Tg=","A4j67s2bTui8Ci+0v061/kgJm+7kYYQz8L5iWbX2pWI=","DQKrUH2P2gR2Ptg6r1Zf5q7UeJtJOrgM+pR1ZV+DXDE=","kHQFntgsQBFIiJ+QqorLM+JrUXfNgfbp68SG35maQDE=","JfE5nd1qB8En33Q3wXKUhc66gHxMK8jTr0b5j7Y7RZM=","6g9Kzn5IdHUTc+/ycIwnMpOB287z2Cmu+K5IM77iqJg=","43hlGBjFCkgBWnS4Nbb57jLpBSo7TWMM/FQdY7MXi+Q=","/1Pg9LdGK4QxGa4a0ilPhTV+5dUJFfLiKL3TyxCDoWc=","0KpzQBED4Bzue6EIGTKL1RPPDvdv1G0yW/UHRLh8m7c=","92NZqIB/0rLzHmDfKk11igV8yGPCI042tTSHFiPjH7s=","F5Px1Rbtq99ez9z+AqNbnGOawC2LuhyRlRhIZ89vXgs=","PybXAmLiVDBUNNGHXFWV/gEgYK/EZLUCHTfANwqHmYQ=","KXA1itx/s2Vr0bYjJ5oMBi0dO8ZwjLQ9evKXMKE8CFU=","0fokoaEox201LUFqNR0l+ZpgS3lXhgiP2IQfRiko/5Q=","SCAvvM9ebIBocRxWySFYO/LPEPPigz0NliM5Ew81ojo=","h4B65n+DMNMKApRbbYMGfaNZSRpjBsgFUeTWr/83bVU=","70aaeIYb3SxiTXp4o4D5l+BLmOaFXLAwuw5OjzZ/lRs=","YfhBzyGYEukIucHUVrl9N6F9sffRVJ3Ty1ZxWd9hYxM=","4cZFdWi16Ivua6/jEKkq0CUGr/+NQ3rOALwgOu9Qo10=","7nmqIEZm61zXulsMzvYuStbEbCvQG9l7fMhu3b+Qbg4=","Bp4LVLDSlD5GcqIwCWzbm6S6E6OzS/+AP6iN9mApAQg=","QUowcFeYri4NJBFoUFRS+xc6iWCxpWpKocwabeiZhL4=","mTInsd7tSQWSnri9mjk164+J6bzsWrvX4KrnEX3jRbg=","yNl8b5AZhoynJFgKbtpwSmxx/wzpl8GNMnnbM5NDwl4="],"block_size":4096,"path":"libs/scowl/en_us_dict.txt"},{"block_hashes":["RAD7i/HsH5Wf4oP1A4iLgkG2+RiwWzbvSngOMLagsfQ=","x0K04ddSYzMWIuBPG/inrxlMdQWt093Laj+56oaoSgE="],"block_size":4096,"path":"libs/spark-md5.min.js"},{"block_hashes":["yLB3knAT4o1sMCMzz4ZMVMtNPbg2kE8hBG0DY1vi8YY="],"block_size":4096,"path":"license.txt"},{"block_hashes":["eJMAGlZLDzaShqCRPLLepBYc8/n9VDV62XLaGyXWIuw=","q2bgrWTv3KIeAw3J/7jeblMwLezYIOs9VPkzb+WdjS0="],"block_size":4096,"path":"options.css"},{"block_hashes":["g5qAixTNJb3ki23wpy0aS5wCKRzEAhf7tvwGpjmUKoI=","eZ7veAQNzMW56zoQgrRnWrAISnDGEN4L5ch01/LPYaM=","Fs5HYGO6UBCmgJWSxRK0v4zRgflm+81yUMUb6iplkgI="],"block_size":4096,"path":"options.html"},{"block_hashes":["DbsNk7zYfJpvZiN8lZjdGP94+QVst0h74fZY6p1PQzo=","S6g7G4+6r+uJgyRIAPDNskIq98EyT5lPE0dIiIGw6hU="],"block_size":4096,"path":"options.js"},{"block_hashes":["ESze+0C2uu2kZMYAZvIfX0wTacMJ7A6DtPbmDNAjZFM=","AP00GTotJfqGT2T9PHyeKZT1fYwLE7p2EaHOcRk162M="],"block_size":4096,"path":"search.css"},{"block_hashes":["dvYW9RXIJcKtPsnoYkcXHWupCXdBLPtXQ5OagsrAo7c="],"block_size":4096,"path":"search.html"},{"block_hashes":["w1ScOOq0oqpxXYBd5e9b9+r97ABDrbLclfBrlJNJYhQ=","p0gzGPCG7Typ8QmYYav2lTXxDBWMlIxBHB0rWGmZG+w=","rzT9UuSnYxOyGWst5OkMFPlsETejjDVkr8ZbPMO8IuU=","fMBIqQf7X+66CpGeFaJX2KtLRtRkdgRMPhONg24/EBU="],"block_size":4096,"path":"search.js"},{"block_hashes":["ltpw5G5p5yLb0ALzGI4kN2B6rNj4ksZvcIubd4PoqNE="],"block_size":4096,"path":"tinymce/jquery.tinymce.min.js"},{"block_hashes":["QK9XZ6p71F/1egaSnn9wGJvAzBnmv+XYzfG+65dlJdA=","1C4aT7/MjRH9FkFpfg4lyMPliNnIuCveLKSHnJzt9qU=","4+AXXUWwQF4ThcfZJNzjAhtgPTh9DcqcNVf5gMkvBn0=","0VUPHYPmnZ5k5ndWT0OZgZEKEUdJndvPR4aZW6sjn6w=","WDxVYOorUPQ9Mf7P/NYhjDjiErflax9ozZZne5bLbPE=","6UN2r2pjN0LT/9WeHCn+HlNJFBggu4nP3nFT/BFM0F8=","UTUah4M6R7gEacXxOwz8qO7t8hAjbYogcp9mnvrPrgk="],"block_size":4096,"path":"tinymce/license.txt"},{"block_hashes":["PH/IeI+d7kw2a7nHsctLh6rJoJCetpq+K5XjmAu4Tdo=","nQEmaPtJy3+iS3b72yJMN971oww5C9ZaLHkIfinVG/A="],"block_size":4096,"path":"tinymce/plugins/advlist/plugin.min.js"},{"block_hashes":["Fqf93GzJ7+KCFm/xaYEEn+muMpAj4pzhnH/pvLQWDQo="],"block_size":4096,"path":"tinymce/plugins/anchor/plugin.min.js"},{"block_hashes":["0rUqhbL+KiEHS0JMAzPHUkiW76cnj6fsdr9XJ2tBGC8="],"block_size":4096,"path":"tinymce/plugins/autolink/plugin.min.js"},{"block_hashes":["OgNeR/Sl3KP7pel73RbNIZc4hrG7XAXzcHlDstelt8o=","fo6QX3ClwUjJJYnHXVZ9BfZ99OPqoTxY9GY6QwG6FBw="],"block_size":4096,"path":"tinymce/plugins/charmap/plugin.min.js"},{"block_hashes":["N1FBsOpQhUIZw4oXKE6U+qUyr0hsPsDvp5FRewThWxo="],"block_size":4096,"path":"tinymce/plugins/code/plugin.min.js"},{"block_hashes":["+F+eo3ZL/VNa5Eh0CegR1p9PJ0r5gULbx2IBk1HFxgA="],"block_size":4096,"path":"tinymce/plugins/compat3x/plugin.min.js"},{"block_hashes":["iheKVQwww/FacjE3wwWQTeua8h3p/OebveyXAnQN4dc=","7/2OJzOdDyPpKLRx3F23zBuLB0xLwlEDpja+32IWVSo="],"block_size":4096,"path":"tinymce/plugins/events/plugin.min.js"},{"block_hashes":["cV87+4XoTkNhxN7exXEglfgv9P56UeGnEP1aQen/65E=","ew4gov5pk/+FpQna1n/UvqRlqm9kiD+G58aQfn+S1NM="],"block_size":4096,"path":"tinymce/plugins/evnew/plugin.min.js"},{"block_hashes":["sjJKgISfsqKplxntYokDbEB4ax4W+65xETUOWDkHS+w=","B9azOjea1LJYNKGX4HHkRE5pchJ4lVWQAWk1NzegbHE="],"block_size":4096,"path":"tinymce/plugins/evnote/plugin.min.js"},{"block_hashes":["kiMGkZzL5yNaUhMPLqcayn5qT3ook/IFe7wm7nNPpd0="],"block_size":4096,"path":"tinymce/plugins/evprint/plugin.min.js"},{"block_hashes":["QU6YQUd2/mYEjbYh6dUk1Lnomyg1xt17M9bNyca2i4c=","D4xTPHJhzVXTNRlD3ss35Vo39n/WCJQRdKdRJQgnM8Q=","UrI+lnB7fsv/NOwh2m+S5yJU/RnqWjtg1F2rrWnlMCY="],"block_size":4096,"path":"tinymce/plugins/footnotes/plugin.min.js"},{"block_hashes":["Pk7vS3CQzcd6NqMkkNAEH1xmM+szfnVtRa14IRoWnKU="],"block_size":4096,"path":"tinymce/plugins/hr/plugin.min.js"},{"block_hashes":["S7bF1AWNlUaOwgruM6JjG9Vhet0TAmV9AcOGEZyfncc="],"block_size":4096,"path":"tinymce/plugins/image/plugin.min.js"},{"block_hashes":["q6+ggSncdbnn8sQKkk3DLM1zQXEFbFzypa728y9XIZM="],"block_size":4096,"path":"tinymce/plugins/insertdatetime/plugin.min.js"},{"block_hashes":["aNlbt4gOQDhwsbNmYaftFZqmm3YipmSaRCn5WoUpm4k=","YPhklG5NLPoqhKcaxn8TswhO4FvL9w9Sr1L/PI1SsE4="],"block_size":4096,"path":"tinymce/plugins/link/plugin.min.js"},{"block_hashes":["w72ePK3LQ4eNJKXLqBL2wbCNgvF3m5tYgr1GUOuZNG0=","QdPfnwkVavB5Dwx4f2BhaoL3vPU9PX/RdF8WAn9+gdI=","WNMF341wJBK3pcAIDtl8fjszzqDPigOS+GBgC0eqQG0=","TQ11gh+rceoViCRIGRo+beItrJkO/4K9P+8jPinIHt4="],"block_size":4096,"path":"tinymce/plugins/lists/plugin.min.js"},{"block_hashes":["GFs+5eEjax4MxWFjyBne78qjuh2SUtKsTwuxN6mEFXw="],"block_size":4096,"path":"tinymce/plugins/nonbreaking/plugin.min.js"},{"block_hashes":["lDmHfekoYB/TF3c6ZRr3Zclp6in1TsUDgm0LtvuUNyQ=","Q3zmXAPx4qL+gR3G3jVt3hBl7KgZtfZVHJ6Bb2OWZ08="],"block_size":4096,"path":"tinymce/plugins/omnibus/plugin.min.js"},{"block_hashes":["8DAtkaJnWgY0mmYYoqPLqA7jnYMSZccE21cMZPxhTSU=","rAYCk8bhphuU2VgIjT1nRrXm8xPip6/uU7ioC1D9bGo=","FBA4M1n9SEjOv/1I7MP4Z2iOT0eigHZg1uMSz+p7trA=","RTGUNKL1bznHkfNK4TQymQ1UarGZn+oCHSTrJi1IGhM="],"block_size":4096,"path":"tinymce/plugins/paste/plugin.min.js"},{"block_hashes":["9igZRDcaVjj5VvHjKdWzewZeINYpXImKWJqCW2JQYy0="],"block_size":4096,"path":"tinymce/plugins/save/plugin.min.js"},{"block_hashes":["K7qn+mrKC3U4xpkvWQX/UfPAafLSb2qgEPdTP7VoynY=","hhvokcz56vl+X1woBqj1QZBr1t//lcwTT4dkaEWuJA8="],"block_size":4096,"path":"tinymce/plugins/searchreplace/plugin.min.js"},{"block_hashes":["4NcUVh/8bEg3+1vH+vk3NAuirwzD2/mgPm0689nhcqA=","7hBz24GVs8Lf4Qb6W+1diYG3yXZtHVGi74DJTZOxsDM=","SNDr9O9BI0A08fWizO4+6q3nSIGJS6EFjfCDF/rOpZg="],"block_size":4096,"path":"tinymce/plugins/spellchecker/plugin.min.js"},{"block_hashes":["z+hWvRpAtJUHC6FCndRjlbjgvBdurj4ci3XkVEFFI1s=","uIOjdkf2o3qEp7PQlArRWC6Q8QM7lvOsCy4hi/qFPt4=","z33hfCfmhrD6l+vPrkiBYHXSO+2rY7e98U58UWCt62M=","XkQZVeS/9xDtKUuWrx6lhalTvdKL0LaxhfGH4QP8xXg=","aUmK8CO6nmGeAVhdqrMqZso8K8nA9kYehKwRyAUV4K0=","OsTph+kcqKTDUXADIYHBeIgNhqy2UMOEZ0t6eV2LFB4=","e45WTQA6G6Z1EiWU451Soa3/OoqwEBNZw16NRauCfUI="],"block_size":4096,"path":"tinymce/plugins/table/plugin.min.js"},{"block_hashes":["cIuIMy5QsULiij1BmhDSGDDbeOKFH0+CLnLD7jkpTA8="],"block_size":4096,"path":"tinymce/plugins/textcolor/plugin.min.js"},{"block_hashes":["pFD7PYCo0KAlcESENZ7D855p9RbDtP2kmSYSHu9AFkI=","v2zkX+XOBcYdFEWcpMGINZhsNqSYjRErlQwLMAQlcLk="],"block_size":4096,"path":"tinymce/plugins/visualblocks/css/visualblocks.css"},{"block_hashes":["idQJtauXioZrBDT/GdqMkenmx/Hs7kwUtqhMZnLf3P4="],"block_size":4096,"path":"tinymce/plugins/visualblocks/img/address.gif"},{"block_hashes":["PfII4aOjEv0HDE+QFoVaCgMLq59HclrcvE0cuajZC9g="],"block_size":4096,"path":"tinymce/plugins/visualblocks/img/article.gif"},{"block_hashes":["GE2XsDCRz/KywzhgogI48Gg47oPXyX3iyDxMxljzWP0="],"block_size":4096,"path":"tinymce/plugins/visualblocks/img/aside.gif"},{"block_hashes":["JtDOZYdYYNnFHcZyJThXHhyZ6EaD7uDFr1ZyAwxtGKg="],"block_size":4096,"path":"tinymce/plugins/visualblocks/img/blockquote.gif"},{"block_hashes":["zUUxr3we/oHPjB4l0gJxTsc/9UUyq98ozXyiSvZzZ3c="],"block_size":4096,"path":"tinymce/plugins/visualblocks/img/div.gif"},{"block_hashes":["EX1eHTEdwuxf2RoGPu5Ur5UODdo4GINuE5+fXDm2O1s="],"block_size":4096,"path":"tinymce/plugins/visualblocks/img/dl.gif"},{"block_hashes":["Sq/7DEq/EgL0Lw8lfv4h286wh5GlMyISWbSHPJfEMTA="],"block_size":4096,"path":"tinymce/plugins/visualblocks/img/figure.gif"},{"block_hashes":["j7ZPgBC7KGTVjlpR9z+oC5yD2vIna/9wmeLXjbJoT7I="],"block_size":4096,"path":"tinymce/plugins/visualblocks/img/h1.gif"},{"block_hashes":["iZqSrH0j9c/T4S1umUSQQvrgSOHHduBNE5AplO+2W8Y="],"block_size":4096,"path":"tinymce/plugins/visualblocks/img/h2.gif"},{"block_hashes":["OF7MkRZwhYEfdVfoDiE99QHyLZUjnR1Xkh7TVkSrTmA="],"block_size":4096,"path":"tinymce/plugins/visualblocks/img/h3.gif"},{"block_hashes":["tUsoYPmTSRWHMPvShuC5cpp+oya5r4YckrDqOPl+9zE="],"block_size":4096,"path":"tinymce/plugins/visualblocks/img/h4.gif"},{"block_hashes":["pdocWc5R4mp0/2vRwuAcv1zbfrErzOMkbe1ojxEXRrM="],"block_size":4096,"path":"tinymce/plugins/visualblocks/img/h5.gif"},{"block_hashes":["3CdB0le2dDBwkb2sO/qPazyxXUm3juKGwyYHSC58cKw="],"block_size":4096,"path":"tinymce/plugins/visualblocks/img/h6.gif"},{"block_hashes":["9ay7aXxqNlzvmMYfpYlG26Xifo393VvRCEIuYwIU2ts="],"block_size":4096,"path":"tinymce/plugins/visualblocks/img/hgroup.gif"},{"block_hashes":["k6mFt0fTjFdF6t9QZXeQGrlf2QPXJxlZTI2QOFQXIt0="],"block_size":4096,"path":"tinymce/plugins/visualblocks/img/ol.gif"},{"block_hashes":["OD5chTh9SPatyBMmrOEc2JGvtpOaPv/eeYBAm/lfC88="],"block_size":4096,"path":"tinymce/plugins/visualblocks/img/p.gif"},{"block_hashes":["IrXY02Vrp4VtQ7HPuBQsFBhJapTi2ILpuIZ/gB27yss="],"block_size":4096,"path":"tinymce/plugins/visualblocks/img/pre.gif"},{"block_hashes":["mzrE7JMjsS/pyqxhaDhcKwtUeJZDQFL41Vlp+WUFJC0="],"block_size":4096,"path":"tinymce/plugins/visualblocks/img/section.gif"},{"block_hashes":["rKOnsDBIAe0NRim8p2mMPjr5lSlatfP938lz9HfEAf8="],"block_size":4096,"path":"tinymce/plugins/visualblocks/img/ul.gif"},{"block_hashes":["oC9QK3AaZEHbbSxb0m2+/NRXBqBa/sp4wU90sEPq9uI="],"block_size":4096,"path":"tinymce/plugins/visualblocks/plugin.min.js"},{"block_hashes":["Ke1UaTf7L5pzILhg6CbeUNnyBbb880B6bQ5KpbybB9o=","WMFJpkIq6LsrL7Gy787HLPQnIDxsW94Ub5qLJaG3urg="],"block_size":4096,"path":"tinymce/skins/lightgray/content.min.css"},{"block_hashes":["jeRQiB9w6FREzMutGxKmNBGUrK+SXOGJUJYcBWoO48w="],"block_size":4096,"path":"tinymce/skins/lightgray/fonts/readme.md"},{"block_hashes":["IoutEEjNZEg+z23UuLqpWN/uDafoPaRRxMX5zf7Hrmg=","CSh+Di25IUf/muh+6m7L+jfChuYBU2pIi6CQuZQEzgE=","ldpgygX08eKhTVO7XaCCIEGLHfa14aGwfM4muKs8QIs=","6dosTnb3IbbbnJ406rDyvF+jWutIn2vAAyqe+fGomJg=","Cw31hL+I0sz1I5mD26YX3K9gbDp/h+WTaQsAlXqWVj4=","CRRJNdb6qINTx3fw53G/qAzEZdVKwkvvkG4Qd3kXb+c=","u3XIxqRWk9cD9nzHII6wCWwpNf4LpwUdJodmKyD4B/I="],"block_size":4096,"path":"tinymce/skins/lightgray/fonts/tinymce-small.dev.svg"},{"block_hashes":["0to5EGvClkdTzVRXrDUOwrBWzehhtD1XpEVDou1jtWE=","DZCPP5tZBkSPkTh/6n3y685+3+hdT48Gg6eIGBJtRks=","i3zQOwOHgVgwY2T1hZPP1VsxRkw9leGtvWt5fu2bdJY="],"block_size":4096,"path":"tinymce/skins/lightgray/fonts/tinymce-small.eot"},{"block_hashes":["jicpa+0M+5uRwK93/u6Fsy0umZJbM2GDL0ZRw9byZec=","kZu45x7jmaYcxIzCKF3t556+KJlNRDj2YqTFOUlSKXY=","mvLx8RwY8tgzjd5V0ITt/JTZCO7yKmA7JIvsIwQ/y9c=","qlosBDWmv1mQvOWsJToIUkjdsVb8zr62sgb9KoSbuk0=","pClCNmvYdXx30NUWyZfS6hBRTMntGey7sniuwzYTN08=","t7J0OhEKGzX0BQckAUSlpZXm7eN53LkhK+pCm8qErQw=","z0D5nX2WUdUGR7DP4AVQjBuDqOMyiYtY/+T2pJkj2vA=","XoVK5sM4X6opjjJ3avmu8Rwfsh55r3+LbPVH2kENTtU=","aY1E9mSo10wp6kV6+Y4K2S6tPMAURLcikNfnF3Jmvpg="],"block_size":4096,"path":"tinymce/skins/lightgray/fonts/tinymce-small.json"},{"block_hashes":["UkjjGNdXC8Tg0EPKr1AkU0hgh+0r/QZivESyQBBT4fE=","vwg4gTCsl0YOSCgrGNOJ+IF77svKIgXCYnKh/XNKfqg=","yZZU+zrG9drWGfotrJSK6rrr701Z3V4lGld87tthSFI=","nqwlLK2esQ1wQY6VDnbHxUlCbwvbZtAFARYXeX4MghQ=","teYr5Nt48sffdO5FCbDAH7aYL1hbtNVKjiSuYIOXzrw=","r4laURBWr/Cz+cu79nY5llNMOmPNCNks5e78Zn2vpEE="],"block_size":4096,"path":"tinymce/skins/lightgray/fonts/tinymce-small.svg"},{"block_hashes":["hbfi3koSi/QnqXyBNOx4ACgBBWm5BrN5yC3kc6c5Su4=","vZE6mm/+oi5YcuH+O07uztYxFQRSDyVV7t+3S9SaORw=","SSntp4TUXVPKxTiFD3DIdp8aagUEsGGviWH6ySnFtlg="],"block_size":4096,"path":"tinymce/skins/lightgray/fonts/tinymce-small.ttf"},{"block_hashes":["58hRNA7fNt0SZ496JJzTi5Jc5whiVlANIlMc77ZPr9E=","htfl39A0uLvb2d/vkOXSFbE6wVStfVPmT4GHAWVrbXM="],"block_size":4096,"path":"tinymce/skins/lightgray/fonts/tinymce-small.woff"},{"block_hashes":["ryNaJdagZ5lf9yXnRTodbVu3L+MtYVOcrE48BJ9Bxms=","emZpAofLRNsDVJHNC5LQsVDoIOvAjQ2WKeTBISrEEsk=","KkJqLgn5KIWuCfk2kynD2mx7wIEtWAkh3Nm5btImVVY=","3WzJiv1xl/KK7+OLUhAZ4THVgU4qYAMrtg8bUU0k6Tc=","xJCI6zU9Gvc81a40/Hd3dSuaVSHITBNFjEPKj98jgBQ=","Y+MnQtd1BumahXbbeCUR5iPQV1lkLl/oaX8z38xlGIk=","rAhlIH5MuspBHXZEpmRAmymMKgQI4umDGsiRAFFluXw="],"block_size":4096,"path":"tinymce/skins/lightgray/fonts/tinymce.dev.svg"},{"block_hashes":["ByMw3QU2lw78lqGVl0G0JvLIDT2e9JeR61bNyWXyNE0=","9QekaDYW+DQogZBz0+eUsncpx0x+/7hJg4QvT2b6lBg=","Az9fMvsWg+9VP0rxv6JNawjJm4/HeFLb+UPIQUUtPy0="],"block_size":4096,"path":"tinymce/skins/lightgray/fonts/tinymce.eot"},{"block_hashes":["l5Hclf5KU24Xzi605+S2fZwQ1Z5wI6tM0BazFpFaBj4=","+Fv0A7NWNNbo07XF82t8iA8TaMqmN3kLDj9icRM/txE=","lbdxOAeEuSWD24uHT6ArlxLFeyhfCIGg2p3tjmIgsM0=","ieiuqpsl0VP7c7HqCVPMIGGgJk97yttw+6Oud49Cs2o=","1OinSQmmFbQqJe7/peN7c2AW8CF2p2GhjTiLiz2x7RA=","fTNqhDbA7ZoCR2o/fceOCff3raqL2wDPJvSfLIAejcM=","HBs5ZIbkBJKOfj2YsA5JbUJZXX91VFm2zLESm+NAMKY=","nFQmRryywKILHnfYwnDFBwHCvpvloEJLw4UV2x0QlDU=","tB5JRsaCitWBxp5eKkQnUNhkGtTONI/gBOo6FRaIptM="],"block_size":4096,"path":"tinymce/skins/lightgray/fonts/tinymce.json"},{"block_hashes":["9LCEi5sgOf/G5+8pHnHyg4UPLCNU1Ji/a9FMaEnQpzg=","fWcjzCO+6oeO/UVyhEEKiZHctTfARnVqU9Eqg4VmH/M=","GIO53uJFQEf6sr9fh9ugD51CqthvxPJO+Fd1hAogHh0=","GzBa73IbdEoDuZPC82BUXdyxbP59vmEDLQH7eSKZMf8=","7Y626C53dUxblg6D9yRZ9BdQy8Z3QOBdtppUtFI4TUM=","r1b6YeZPz/UC+UkeYKX5qm3KL6SxXgFZpjPZUvsobSQ="],"block_size":4096,"path":"tinymce/skins/lightgray/fonts/tinymce.svg"},{"block_hashes":["3w6+4W/gr378FG+b0q6kOaghaDqbdZEAKGxHvqRQUCM=","SVjArTMGcGFhoeUuX7NRjF2ZO4qg+LUdyV7eRy/oxrI=","aboKNUE4zJLn0ywFybuVUhH5LiR4kPJCF9mAkiPmtHA="],"block_size":4096,"path":"tinymce/skins/lightgray/fonts/tinymce.ttf"},{"block_hashes":["edtPreXWCujhUnqDRoCUEbvkshEzsQJ79VY401Bzbik=","Fp65cvpgkPW2875NJBHsBD0e7qrwzwwcfMrn1oaHhOM="],"block_size":4096,"path":"tinymce/skins/lightgray/fonts/tinymce.woff"},{"block_hashes":["KGFmb9EH0njURJlwYVE20G1/dGvpuxkHLPnI8w5WXh4="],"block_size":4096,"path":"tinymce/skins/lightgray/img/anchor.gif"},{"block_hashes":["63z9PZWbLgnBcPUy4p+Lgl+bx3CyJ5/eWOWVYXdT4kQ="],"block_size":4096,"path":"tinymce/skins/lightgray/img/loader.gif"},{"block_hashes":["5qFeUrxKF7CFBzuo3r1HCOrWrj1MvrOIDGXLevxIl3c="],"block_size":4096,"path":"tinymce/skins/lightgray/img/object.gif"},{"block_hashes":["nPAg18O7p/WrEM2lSqvvk0+QbU+aOs+Z6efcbJhXljU="],"block_size":4096,"path":"tinymce/skins/lightgray/img/trans.gif"},{"block_hashes":["Z/K7KhtrPtbAsvLDWCZmP7jv1rNhY7zhNR95XOgFV0k=","Cv9cTElGY2LiSSbn288TPtm5YmMIeDZ3DvdT4m3XSMg=","IYuV8sUJF2vVpFIegscHhFwC7yCQTn8B+67ubI8UqQk=","wr3NEgNS5Cu4ecLUQSelApiGnz5B79jRU8m5WF9NR8o=","rlKM2ShSo0bXk8pMBF8bk6riougL4XMwQOOWvfBhKQg=","RJ5S4Isvn4h3peBD9YdQk/06X0PnOpiBvB0LcUExzgs=","yV/5m1ipOWf8bW/cxqWDephrP5zklTQvHsP5TY8iq9o=","GEqM7unTeqbNJjaHUbbMPjAplaHqOFyKotcfmgN0dxM=","0WbQ/1uFdi0ApI8318IKbUHHny9+P0gtpr+pz72cMnY="],"block_size":4096,"path":"tinymce/skins/lightgray/skin.min.css"},{"block_hashes":["hJNhuf7CvHLRB/ScSEv/Jp87BeJhRlj1xNBVXAw9RHM=","CfDRn4V3HmmmDtVg2D4fmKvA+RBjTUsnR5AoT9rXvm0=","3uAQrDgBGxM7/pb30/58memUzLg4X1x9m5EwIL7VXRQ="],"block_size":4096,"path":"tinymce/themes/modern/theme.min.js"},{"block_hashes":["KkfxQ3rW0wokCUCtVcbkevURzMPW3Jv/bOtj7ZhCnqI=","eayfGZBs1PDB2vCbYBulm4CGrGOR1fwiQElDDqjxRQQ=","T6zE8AxzUz8awZTiBdrGms1bvNWPzhUg61hPgI48WOk=","B55xSG0ioBN1eenbC4SRWZwtPKiEJea4pe1j39xL6/g=","JezjPePHl7j7pVt+Dh+oUq/MTq8PerHFQnKEUAK8mes=","5pBNkkmMJJkF7Xgifx5mbgmfrwumJune/iKXfEYU79E=","xy3a7jc2Ob3yHU+vxeSwo4sej173NrEzjWoR3TDmXKs=","h/YSLOF8LdGGdMJRpz7TWOEaZy/8P+ZUmL2hbYLmZUQ=","wCQSb0pme3t+/EheczAtHauVkls5KBzeRfdfpZnPxqg=","znvn/knVftk0tRRJFTGD7yUmr6+Ekq2zMcQP8DscNc0=","YIFb6lkmho8vZKNOAY0Y2wGEqdHBOaoSKClHk81YQPU=","opmJzg4MtjJMZ+Y2MUI8uaGOv6tA/Xj6rHvv5l8o4cA=","RFb+URXHWiMWTnamP7c+kwYWLfWcKbvRDrUcgIRN4OM=","AsdzosFKEwVwip1kPleQJnPr3e3PUdvG7297H6Vj0lo=","a/Flx4iDArOJorIVMZsz/0N4kpD63B+jDqZvvxkF80k=","6etVfQ+bNV8ADFbbYpNcQ/19dNap/z+pXzRxSNz64Ag=","had+UoivlX4Byf8/QZ/160SvoeH+fYSujuLjhb20L88=","vJ4JlcrUvxE65dj2/KiAceboUTrnnePjGgYtd2hwsMQ=","XSOADUICIamJGKxcGT7cqMBWRmky+GTixav2Hu3VRPk=","5ES+9BaJqN2Djc6i8lSRTCxGxdapgy/ft2pqLw8+img=","qPuoEFoCpemS3Q6bMUjy5/R3J4cx6eTnOYO46wdfmZY=","2I9AG/DaTfnk87oXUhYJ8N+iEivADvuw5oqXxWl/Apw=","XMS0oSRyFyp5CbmEPH/745t2CRnH4jz9KoAh4fInZqI=","ED69ChcXqEZM65NTNZ2A6LxA1kfWU4sKAHzd/AQHYYw=","yCS4azmCi2lC5E9C3tb1WimRepJk54RkfxayQ47duEs=","c+JxpZr47WF8UzSQcHznHgsi60agRFPSdhTAGExP3jM=","VxsGRe0ObtiCFUSxg8+qSzcl6+98ATLC9y46NDLDoQE=","w66JzwdqSFKH6JF30y+7eblCFbSKlMDQUka1rdkQZZc=","EBfOYL1Ur8+xvEVHa6WwdF7T5zj1Fhna/KfGTdhQFRw=","/SbsCj0eSZzfObgTwiz6Uhg5mjmbaUZISsI063rWQ+E=","AmCSPcnXEu6BI/LhV3zCkfgYCvPM926Iqg2QWwOuK58=","x82c0uMcu8LANJcVVA7lhDnsJ+nRKL8zVwJ/bhX+GnI=","J5hA95nGTJENvvFVdBUeOUMrLo6qhyRCMzhiGYfxNeY=","Ie3/iNBvFhksYd7TvdGBcRbDi6S2ouB811Sr8LfKv1M=","40xpFWPOQjO3l/X//PqpMS0hr6dYWiASAGdemVlIDKs=","inUGd9fI3JNiSppmW7sdQUwRo8sWEevFsUBWC46d70w=","K07L2O1xiZiAVzUL6cInR2LP6uDgV3fliC/cl/jJwjk=","gbj6hGuzAZgv5jXfi7Yf/GsOIBekJiYkYAPf5cYPP2w=","FJwiJPg6qaGL1XeMDWz6U/jCxk2V/CfP8lTrK4aImZU=","9cvok94y3RJx+rV+XYE0ww/DS5viOIaESMfK9Pp3x00=","Cctp3lpLZ2vMRcqDYGVFAk+/BKVYPb+Ukmgy/0XsNuk=","gwGmbkokyUJ6Zd+cU86ZrD1teabhArZWdpEpkwznmLg=","LrAC9Bmk1v5IFqPB8CsUdC8vj20Gtz0wpL/90sKx/p4=","wLCA6DoH/w+Mtwu6O/PsunwWlYnGXE/+o5uvdY2vcrc=","elvcs/f4I533CAz4g6B7Iz8/yUiIgJjDGNTlOKtpAcg=","pGZS/JwlajtpGJe9JqxvvzeWaUJpCtrBDoqFx6CbQq0=","4TmeilrrNMxy+Km28LZ/jmH6UK79CTuv0v795xP9fl4=","tWLFIU85WEWwYj+bodyJqCEDoed0dEbqneNyqXBA65s=","R3hPaYM1QpR+TssvLydJX9nv8nYBYFMxkvxvNUoB2fI=","70jJEwqfSFMUEOslWL+bV1P3DNGaCGtaH2XWNODeHB0=","YcUOkimoBtDDwpEUVMS2/pErtA00Dpp07eMEAu8FV5U=","jS1ZCYgxi+Jvv4bCEiqtyZm54giAOqUiAOAAFnl6pV4=","BeLKEnEU53pPACR5WmiYY847+gUKtsah9aZLt4zqm0c=","fj1KzUltTOzga992cvE8jBOMK9eHdXnVYDj9prck+Nk=","rJJ+0RM0Vy38b4DQK4imrvCS2opmNiGFZU4iRbMqL44=","6nmuuC0PYnEkP7Ilh0ONVltbLRyPKGnIXtfO75291AI=","CFuSJ86m/TZ6W5x7cM7zWIrXRbHuT7W16qmaaXdfMq0=","NBJj7FZXQ70pdCNTmtW1qLTTRSS2P0KYUDVeTwbgrzc=","6p8Mc4cy/NLV8agerkOpEkAvdT16R7roCKQyi8mTyZw=","NrOQtDuMS9bnUWGE8jlnYmWHLO8qIqu3qVqWjvr90qI=","CLBqQiKuLoYxnfhK3DgzLANnfuHQx72W9Uxui8LMYKo=","5uSDMGlUT0e8tS40Jy2rlYtq3qLGBnLI+IzWqdEd5D8=","1DiT2JhyFTZp/HGljvFUDY4srzHjcEpUciUAvoMp1QA=","OkBQKmvMjiBCQGZ8FzB28yl0svHMCc7VyjdsSFWah04=","GILt5xFS+LShhlAODnkiZ3y41gWGxYdYcuUDpiOtT64=","lXrK6CYZZY9U7ZpHq269pJJPg6+cc9/aHgPRpyuMem0=","Db6TkIN8oNjrCqxdk2Tep0RQxQwJKNg89keatJX+Rkw=","BScD0K0c21B1E8+qd5tmZynWaDmlbvmPqsfCo55OWcc=","6wcfHMTHT+VpvDUYPGPDMXmPjGEJT+rzaXcXgwozUno=","z37LE7jtcBcT+FLVeKcXtn9M0R0m8LeM+CKYsOpk4XI=","QNbSjZE4sQeuGnA41QpWICSNCStqgK+mreOk+ftt4Zk=","1JKhCKgXd5JKFQheO2D8R65jg4oqrW38871GP/UYQME="],"block_size":4096,"path":"tinymce/tinymce.jquery.min.js"},{"block_hashes":["AjLc0hEOVkEKFoGmMbQTCZ3C+jERKcIYhEDY0N29k7s=","csyvr0kJ8IGZ1BM4Z4NpvUSwhMWud9p8RRl3Qt937q0="],"block_size":4096,"path":"tinymce_custom/fonts/alternote.eot"},{"block_hashes":["dvFfxQbQgzidx+QuAPRJFUzTb9M4DATvS6OeIvtyigc=","fp+xE6IZoabzESjXEzqdhckxzu4d/PD+Jc01XUPAB8k=","KbZxPH99mDbMoEW/p+TW94IrmFjgvndMZGjrAbr8F5k="],"block_size":4096,"path":"tinymce_custom/fonts/alternote.svg"},{"block_hashes":["4CHYm132fhRBwQzxuUiPEQ73Mua+Tn1wD0dzHzTAZVg=","IaVs42C8ztmkKzyn16fbYfg5pKmurXFdijopH5qZjU8="],"block_size":4096,"path":"tinymce_custom/fonts/alternote.ttf"},{"block_hashes":["idcz0xD6Lz+2I//+K+8IJTSqpRCuCG6YxXRQzcU7BQg="],"block_size":4096,"path":"tinymce_custom/fonts/alternote.woff"},{"block_hashes":["VGyRtX8p4lFQ/35nwcUPfimCav3nY7AXMr1xTZcjc68="],"block_size":4096,"path":"tinymce_custom/icons/doc.gif"},{"block_hashes":["ViksFffFRWlqetqTlqqWa8P1AGkcFASKZe0TZyGPmRI="],"block_size":4096,"path":"tinymce_custom/icons/docx.png"},{"block_hashes":["ITu8PLr/96SK6vytNPUjoJA+JUKnIyRoaj/sU3MARaA="],"block_size":4096,"path":"tinymce_custom/icons/js.png"},{"block_hashes":["91Xo8wazlxT076XXko4aVLKVceeK93yWyV+VBShGjLQ="],"block_size":4096,"path":"tinymce_custom/icons/pdf.png"},{"block_hashes":["dgPaaa/thb94ksCCxTMdn1p4BOY5q8gAkeTsgK0jzR4="],"block_size":4096,"path":"tinymce_custom/icons/ppt.gif"},{"block_hashes":["GON+iMQc26pLIXILFzvbabrbQsSiCZbdcxG8t0sTAuQ="],"block_size":4096,"path":"tinymce_custom/icons/pptx.png"},{"block_hashes":["6vI3hb56DImhj7ihLSVhUIs0Don51Tm92pX6C8DmppY="],"block_size":4096,"path":"tinymce_custom/icons/sound.png"},{"block_hashes":["9p7wuxL1doSIfSnTO8PzOrgqMHBOS9NY+kjUvFcAW2Q="],"block_size":4096,"path":"tinymce_custom/icons/xls.gif"},{"block_hashes":["olerUDwoTn0QvfqDB7hDF2OBLDHZvYrYyrpnQfT9Xiw="],"block_size":4096,"path":"tinymce_custom/icons/xlsx.png"},{"block_hashes":["EoCzMUs5dZwRHwh11v8ApJA5EgTFh6OOFn2P9IpZ884="],"block_size":4096,"path":"tinymce_custom/license.txt"}],"version":2}